parent_id,score
1,52
1,23
1,11
10,16
10,6
25,61
31,20
31,5
31,2
35,32
35,31
35,8
35,5
35,2
35,1
35,1
35,0
35,0
35,0
65,2
65,1
65,0
65,0
65,0
65,0
65,0
73,43
73,12
73,11
73,8
82,10
82,8
82,4
82,3
83,6
85,5
86,22
86,6
88,32
88,25
88,14
88,11
88,6
88,6
90,11
90,2
90,2
97,4
100,9
100,2
102,181
102,77
102,65
102,64
102,54
102,48
102,48
102,47
102,43
102,40
102,39
102,34
102,32
102,31
102,30
102,23
102,23
102,23
102,18
102,17
102,16
102,16
102,16
104,38
104,17
104,11
104,8
104,6
112,2
112,1
112,0
116,10
125,59
125,28
125,17
125,6
125,-1
125,-3
125,-22
128,17
128,6
128,2
128,1
129,3
133,6
133,4
135,28
135,27
135,17
135,12
135,11
135,6
135,6
135,5
135,4
135,4
135,4
135,3
135,2
139,12
139,8
139,7
152,8
171,7
172,4
172,1
176,18
182,13
182,8
182,7
194,12
197,18
198,17
198,5
198,3
198,3
202,20
230,15
234,4
234,3
234,1
239,9
287,6
296,20
311,19
311,4
311,1
311,1
311,0
333,27
334,12
334,6
345,6
354,10
354,9
354,4
354,2
354,2
363,3
365,6
365,5
365,3
365,3
392,42
392,20
392,19
392,16
392,11
392,8
392,8
392,4
392,3
392,1
392,0
406,7
424,3
431,22
431,19
431,19
431,12
431,10
431,2
431,2
431,2
431,1
431,1
431,1
434,4
442,20
443,21
443,0
443,0
456,5
459,36
459,24
459,14
459,6
459,6
459,4
459,3
468,3
468,3
469,2
477,3
481,43
481,17
481,14
481,14
481,13
481,9
481,7
481,6
481,6
481,3
493,39
493,19
493,5
493,2
493,2
493,2
504,21
504,12
504,10
509,18
509,11
515,5
515,4
515,4
515,3
515,3
515,2
528,9
528,5
529,2
531,25
531,6
531,2
531,1
531,1
547,9
555,137
555,44
555,26
555,23
555,15
555,10
555,7
555,6
555,5
555,3
555,3
555,0
587,2
596,11
599,8
614,8
623,22
623,19
623,11
623,5
623,4
623,3
623,3
623,2
623,2
623,2
623,1
666,7
666,5
666,3
666,0
684,3
684,2
686,19
686,16
686,11
700,16
700,11
700,10
700,8
718,2
726,6
741,11
747,29
747,28
747,12
747,8
747,3
752,8
762,16
762,11
762,4
762,2
774,13
774,6
790,8
817,11
817,10
817,4
824,7
824,6
842,4
849,19
853,3
865,28
865,16
865,9
865,2
868,1
868,1
868,1
882,4
882,3
883,7
886,43
886,38
886,15
886,14
886,11
886,10
886,7
886,5
886,5
886,4
886,4
886,4
886,2
886,1
886,1
886,0
886,0
886,0
896,33
896,16
896,9
896,9
896,6
896,4
896,4
896,4
896,3
896,3
896,2
896,2
896,1
896,1
896,0
896,0
896,0
896,-11
915,39
915,13
915,8
915,6
915,5
920,5
943,9
943,3
943,2
943,0
958,3
958,3
981,16
981,12
981,9
981,7
981,4
981,3
981,3
981,2
981,2
981,0
984,20
984,15
984,4
1004,7
1004,5
1004,3
1004,3
1004,2
1010,8
1010,5
1010,3
1010,2
1010,1
1031,5
1031,3
1041,8
1054,29
1054,17
1054,8
1066,3
1081,10
1093,27
1093,19
1093,18
1093,9
1093,6
1093,3
1093,3
1093,2
1093,1
1094,0
1103,6
1110,5
1114,8
1114,6
1114,5
1114,3
1114,2
1114,2
1114,1
1114,0
1114,0
1114,0
1125,26
1125,14
1125,4
1125,3
1125,2
1170,35
1170,26
1177,27
1177,19
1177,7
1177,3
1177,3
1177,3
1177,2
1177,2
1177,2
1177,1
1177,1
1182,15
1182,13
1182,8
1182,1
1182,1
1182,0
1187,8
1187,2
1189,36
1189,7
1189,5
1189,2
1189,2
1189,2
1189,-2
1191,34
1191,15
1191,9
1191,4
1195,11
1195,9
1195,8
1195,5
1195,3
1195,2
1195,2
1218,6
1218,6
1218,2
1226,11
1226,7
1227,11
1227,3
1238,6
1238,4
1238,1
1274,9
1274,8
1274,4
1274,3
1284,2
1313,17
1313,16
1313,4
1313,4
1323,7
1326,36
1326,24
1326,21
1326,19
1326,16
1326,10
1326,6
1326,6
1326,6
1326,5
1326,5
1326,4
1326,4
1326,4
1326,3
1330,3
1330,1
1330,0
1343,10
1343,7
1350,7
1350,1
1353,3
1353,2
1357,4
1362,9
1377,6
1383,6
1383,3
1390,14
1390,13
1390,3
1390,3
1390,1
1394,9
1409,23
1409,20
1409,9
1409,5
1409,4
1409,4
1409,1
1409,1
1409,1
1409,0
1409,-1
1413,41
1413,22
1413,13
1413,13
1413,9
1413,7
1413,6
1413,1
1417,1
1422,1
1442,6
1451,18
1451,5
1451,4
1459,11
1466,36
1466,21
1466,16
1466,4
1471,3
1475,36
1475,15
1475,10
1475,5
1475,3
1475,2
1475,0
1475,0
1477,25
1483,23
1483,17
1483,9
1483,8
1483,8
1524,38
1524,8
1534,4
1534,3
1543,3
1556,3
1560,8
1569,5
1570,2
1577,13
1577,4
1600,25
1610,25
1610,17
1610,6
1610,3
1610,2
1610,2
1610,2
1620,3
1620,2
1620,1
1649,5
1649,2
1649,0
1652,7
1659,29
1659,6
1659,4
1659,0
1661,6
1662,14
1662,6
1662,5
1662,2
1672,9
1672,2
1672,1
1690,6
1696,10
1696,4
1696,1
1696,1
1696,0
1705,15
1718,6
1751,16
1763,5
1765,30
1765,18
1765,11
1765,9
1765,8
1765,7
1765,5
1765,5
1765,5
1765,4
1765,4
1765,2
1765,2
1774,6
1774,3
1774,2
1774,1
1774,1
1777,32
1777,13
1777,11
1777,10
1777,10
1777,7
1777,6
1777,6
1777,5
1777,5
1777,4
1777,4
1777,4
1777,2
1777,2
1777,2
1777,2
1777,1
1777,1
1777,1
1777,0
1803,10
1803,5
1803,2
1803,2
1803,1
1803,1
1803,0
1832,38
1861,1
1863,7
1863,1
1863,0
1863,0
1871,13
1890,26
1890,6
1901,2
1939,123
1939,50
1939,37
1939,17
1939,17
1939,14
1939,12
1939,11
1939,5
1939,5
1939,4
1939,0
1957,6
1957,0
1971,4
1975,6
1975,3
1975,1
1982,14
1984,5
1998,5
1999,6
2031,0
2035,13
2035,6
2035,5
2035,3
2035,3
2038,16
2038,5
2040,3
2040,2
2063,3
2063,3
2072,3
2074,6
2085,1
2115,1
2115,1
2115,0
2115,-1
2133,8
2148,4
2167,19
2200,7
2208,4
2231,8
2236,1
2238,5
2238,4
2250,6
2250,2
2261,3
2267,56
2267,20
2267,19
2267,14
2267,8
2267,6
2267,6
2267,6
2267,5
2267,5
2267,4
2267,4
2267,3
2267,3
2267,3
2267,2
2267,2
2267,1
2267,1
2267,1
2267,1
2267,1
2267,1
2267,1
2267,1
2267,1
2267,1
2267,1
2267,0
2267,0
2267,0
2267,0
2267,0
2275,11
2303,2
2305,2
2307,19
2307,19
2322,4
2347,1
2368,5
2368,3
2429,4
2451,17
2451,15
2451,10
2451,7
2451,5
2451,3
2451,3
2458,5
2498,7
2498,4
2508,8
2508,4
2508,2
2508,1
2508,1
2508,0
2508,0
2508,0
2508,0
2520,17
2520,8
2520,5
2542,19
2542,7
2542,6
2542,0
2574,6
2582,5
2582,4
2585,7
2585,2
2585,0
2586,5
2586,5
2588,17
2588,7
2588,1
2588,-2
2588,-9
2615,6
2621,25
2645,3
2647,2
2660,1
2668,1
2677,23
2677,0
2677,-2
2683,8
2683,4
2686,9
2706,41
2706,17
2706,11
2706,5
2706,3
2706,2
2706,0
2706,0
2706,0
2706,-1
2714,3
2737,4
2765,13
2765,0
2779,46
2779,16
2779,13
2779,6
2779,4
2779,2
2779,2
2779,1
2779,0
2781,3
2832,12
2832,12
2860,2
2860,2
2860,2
2931,26
2931,8
2931,6
2941,2
2949,15
2950,69
2950,45
2950,30
2950,21
2950,17
2950,16
2950,7
2950,6
2950,5
2950,5
2950,4
2950,4
2950,4
2950,4
2952,3
2963,6
2963,4
2980,2
3014,11
3024,4
3032,10
3032,2
3050,2
3070,5
3076,4
3086,102
3086,42
3086,41
3086,32
3086,21
3086,19
3086,10
3086,10
3086,8
3086,8
3086,6
3086,6
3086,4
3086,4
3086,4
3086,4
3086,4
3086,4
3086,4
3086,3
3086,3
3086,3
3086,3
3086,3
3086,3
3086,2
3086,2
3086,2
3086,2
3086,2
3086,2
3086,2
3086,2
3086,1
3086,1
3086,1
3086,1
3086,1
3086,1
3086,1
3086,1
3086,1
3086,1
3086,1
3086,1
3086,1
3086,1
3086,0
3086,0
3086,0
3086,0
3086,0
3086,0
3086,0
3086,0
3086,0
3110,25
3122,4
3122,1
3122,1
3122,0
3122,0
3122,0
3122,0
3122,0
3122,0
3122,0
3122,0
3122,0
3122,0
3122,0
3122,0
3122,0
3122,0
3122,0
3122,0
3122,0
3129,14
3129,14
3155,8
3163,18
3167,2
3177,2
3177,2
3209,9
3238,6
3248,1
3248,1
3262,7
3274,5
3274,2
3274,2
3294,30
3294,17
3294,7
3294,5
3299,6
3314,4
3327,11
3330,10
3330,7
3330,5
3330,3
3330,2
3330,1
3330,1
3346,8
3353,27
3353,26
3353,20
3353,8
3353,7
3353,5
3353,5
3360,13
3360,5
3360,3
3360,2
3360,1
3360,1
3366,1
3403,7
3403,2
3403,2
3403,1
3403,1
3403,1
3403,0
3403,0
3403,0
3403,-1
3403,-1
3422,2
3422,2
3458,4
3458,-1
3473,10
3473,3
3473,2
3473,2
3473,0
3473,-1
3481,2
3481,1
3481,0
3486,12
3528,18
3556,4
3563,8
3563,3
3579,9
3586,10
3586,5
3586,3
3586,0
3600,20
3607,3
3615,25
3615,13
3615,10
3615,8
3615,4
3615,2
3615,1
3615,1
3635,1
3635,1
3635,1
3639,11
3646,13
3646,7
3646,4
3669,9
3683,8
3683,5
3683,4
3683,3
3683,2
3683,1
3687,14
3687,9
3687,8
3687,8
3687,7
3687,5
3687,4
3687,4
3687,4
3687,4
3687,4
3687,4
3687,2
3687,2
3687,2
3687,2
3687,1
3687,1
3687,1
3687,1
3687,1
3687,1
3687,1
3687,1
3687,1
3687,1
3687,1
3687,1
3687,1
3687,0
3687,0
3687,0
3687,0
3687,0
3687,0
3687,0
3687,0
3687,0
3709,6
3764,3
3774,4
3774,2
3774,1
3774,0
3774,0
3783,9
3798,12
3802,3
3811,14
3811,10
3813,8
3814,2
3816,1
3816,1
3828,5
3857,11
3883,1
3891,3
3911,3
3912,17
3912,9
3912,6
3912,4
3912,3
3912,1
3931,1
3934,3
3934,0
3936,6
3948,4
3957,10
3964,5
3964,3
3964,1
3973,5
3987,8
3987,8
3997,2
4004,7
4004,6
4008,3
4008,2
4012,11
4012,10
4012,3
4012,3
4054,3
4064,5
4080,3
4128,19
4128,4
4128,-1
4152,22
4152,11
4152,5
4152,2
4152,2
4152,1
4168,8
4168,1
4168,0
4175,3
4179,6
4179,3
4179,3
4179,2
4179,1
4179,1
4179,0
4179,0
4202,7
4217,17
4240,4
4240,3
4245,3
4245,2
4245,2
4248,8
4255,16
4255,14
4277,2
4277,1
4279,12
4279,2
4283,15
4283,7
4283,6
4319,2
4321,6
4337,2
4357,7
4371,17
4371,5
4371,2
4376,40
4376,22
4376,17
4376,9
4376,8
4376,5
4376,4
4377,3
4379,1
4391,7
4447,2
4448,15
4448,12
4481,7
4481,6
4489,3
4492,2
4497,4
4508,28
4508,13
4508,8
4508,6
4508,6
4508,3
4508,2
4523,10
4528,3
4545,7
4550,6
4553,27
4553,21
4553,15
4553,8
4553,7
4553,3
4565,49
4565,4
4587,11
4592,5
4608,10
4608,7
4608,6
4608,5
4608,4
4628,10
4628,5
4637,17
4665,15
4679,24
4683,1
4692,16
4692,7
4692,6
4692,5
4692,2
4692,2
4708,6
4708,5
4715,2
4728,4
4733,18
4760,13
4766,3
4766,3
4766,0
4798,9
4798,3
4798,3
4807,2
4813,4
4813,3
4813,2
4830,11
4870,6
4916,14
4916,8
4916,8
4916,4
4916,2
4919,1
4919,1
4931,4
4933,2
4939,2
4981,2
4993,4
5006,3
5029,29
5029,26
5029,9
5029,5
5029,5
5029,4
5052,8
5053,5
5053,2
5070,6
5070,4
5097,20
5180,5
5180,4
5180,2
5188,20
5188,5
5188,2
5188,2
5188,1
5188,1
5188,0
5188,0
5188,0
5188,0
5188,0
5188,0
5188,0
5188,0
5188,0
5188,0
5188,0
5199,11
5207,5
5212,27
5221,11
5221,0
5221,0
5221,0
5229,8
5229,2
5234,35
5234,4
5234,3
5234,3
5234,1
5234,0
5234,0
5280,36
5280,27
5280,7
5280,6
5280,5
5280,5
5290,5
5290,1
5296,8
5314,30
5314,10
5338,9
5340,2
5346,4
5415,2
5432,3
5432,1
5432,1
5432,0
5436,6
5440,3
5440,2
5451,1
5460,30
5460,8
5461,6
5468,4
5527,6
5527,2
5534,4
5546,3
5551,8
5551,4
5551,3
5558,24
5558,14
5558,8
5558,5
5558,3
5558,2
5558,2
5558,0
5558,0
5572,2
5597,1
5625,3
5628,13
5729,1
5747,2
5747,1
5790,16
5821,12
5842,1
5842,0
5857,2
5862,1
5865,2
5886,9
5924,12
5924,7
5924,6
5933,10
5933,7
5933,4
5933,2
5943,4
5943,3
5945,6
5945,2
5945,2
5950,8
5961,8
5983,5
5983,4
5999,11
6008,7
6033,26
6033,3
6033,1
6041,8
6044,2
6048,6
6089,6
6108,3
6108,1
6174,3
6193,6
6193,5
6193,3
6229,7
6235,1
6250,33
6250,18
6250,5
6250,5
6250,4
6254,124
6254,71
6336,13
6336,9
6378,4
6402,3
6407,10
6407,5
6407,3
6407,0
6412,3
6413,2
6435,5
6435,0
6441,1
6444,11
6460,18
6460,9
6460,5
6460,5
6480,27
6480,20
6480,18
6480,12
6480,8
6480,6
6480,6
6480,4
6480,4
6480,4
6480,3
6502,1
6514,6
6514,1
6521,2
6557,7
6557,6
6578,11
6578,7
6578,6
6611,6
6615,11
6643,8
6643,6
6662,12
6662,8
6662,4
6662,4
6662,4
6662,2
6662,2
6662,1
6676,4
6683,3
6698,8
6723,24
6723,15
6752,9
6752,6
6755,1
6776,2
6812,11
6812,1
6818,2
6821,8
6821,2
6899,0
6912,2
6914,3
6917,12
6928,3
6928,1
6937,11
6942,1
6959,4
6959,1
6960,3
6960,2
6982,4
6993,8
7008,5
7008,3
7039,4
7046,149
7046,28
7046,15
7046,11
7046,11
7046,11
7046,7
7046,6
7046,4
7046,3
7046,2
7046,2
7060,7
7062,0
7082,4
7119,8
7119,5
7119,5
7135,12
7136,11
7136,8
7157,3
7157,3
7160,5
7162,6
7193,11
7193,3
7202,3
7205,14
7205,3
7205,2
7219,2
7237,189
7237,46
7237,14
7237,8
7237,6
7237,6
7237,6
7237,4
7237,4
7237,2
7237,2
7237,1
7237,0
7237,0
7237,0
7237,0
7272,2
7285,63
7285,30
7312,5
7312,2
7312,0
7322,177
7322,58
7322,45
7322,42
7322,40
7322,22
7322,19
7322,16
7322,14
7322,10
7322,7
7322,7
7322,6
7322,6
7322,5
7322,4
7322,4
7322,4
7322,3
7322,3
7322,3
7322,2
7322,2
7322,2
7322,2
7322,2
7322,2
7322,1
7322,1
7322,1
7322,0
7336,2
7350,8
7350,5
7350,5
7350,5
7350,1
7372,7
7389,3
7423,1
7424,11
7435,4
7435,1
7436,46
7436,30
7436,17
7436,16
7436,12
7436,12
7436,12
7440,12
7441,4
7528,8
7570,1
7572,71
7572,30
7572,24
7572,12
7572,10
7572,9
7572,6
7603,2
7603,1
7603,1
7603,-2
7656,16
7656,4
7670,2
7670,1
7682,31
7682,17
7682,16
7682,11
7682,10
7682,6
7682,6
7682,6
7682,4
7682,4
7682,0
7739,1
7739,1
7739,0
7739,0
7739,0
7739,0
7739,0
7741,11
7791,2
7821,0
7829,9
7842,3
7842,3
7897,1
7913,5
7913,4
7931,41
7931,31
7931,30
7931,18
7931,17
7931,12
7931,12
7931,10
7946,24
7946,16
7946,7
7946,5
7946,4
7946,4
7954,17
7954,3
7980,4
7984,6
7986,2
7995,4
7997,2
8042,2
8086,160
8086,65
8086,39
8098,9
8124,1
8137,13
8137,7
8162,44
8162,19
8162,15
8162,14
8162,10
8162,8
8162,6
8162,4
8208,5
8211,78
8211,28
8211,26
8211,24
8211,23
8211,21
8211,20
8211,18
8211,16
8211,14
8211,6
8211,6
8211,4
8211,4
8211,4
8211,4
8211,3
8231,14
8231,11
8231,6
8231,5
8231,1
8251,6
8272,5
8282,4
8282,3
8319,10
8319,5
8319,1
8319,1
8319,1
8323,11
8339,9
8351,1
8376,14
8376,8
8376,4
8376,3
8401,86
8401,18
8401,10
8401,10
8401,8
8401,7
8401,6
8401,4
8401,4
8401,4
8401,4
8401,3
8401,3
8401,3
8401,3
8401,3
8401,3
8401,3
8401,3
8401,2
8401,2
8401,2
8401,2
8401,2
8401,2
8401,2
8401,2
8401,2
8472,2
8472,1
8472,0
8479,14
8479,6
8482,11
8482,8
8482,4
8492,55
8506,1
8537,1
8559,4
8584,5
8584,4
8584,3
8584,1
8613,1
8619,1
8621,1
8649,33
8649,25
8654,45
8654,21
8654,15
8672,4
8692,8
8692,4
8692,2
8692,1
8692,1
8692,1
8692,0
8692,0
8724,69
8724,65
8724,43
8724,22
8765,1
8765,0
8790,151
8790,103
8790,87
8790,81
8790,66
8790,65
8790,58
8790,57
8790,50
8790,39
8790,37
8790,33
8790,31
8790,31
8790,27
8790,24
8870,6
8870,3
8879,6
8879,3
8891,39
8891,9
8891,6
8910,5
8945,102
8945,46
8945,25
9024,13
9067,6
9070,6
9090,12
9090,8
9100,4
9100,3
9112,3
9134,707
9134,621
9134,423
9134,414
9134,387
9134,269
9134,223
9134,216
9134,196
9134,156
9134,141
9134,131
9134,121
9134,112
9134,103
9134,84
9134,84
9134,67
9134,66
9134,65
9134,61
9134,61
9134,54
9134,49
9134,49
9134,48
9134,48
9134,46
9134,44
9134,43
9134,37
9134,32
9134,28
9134,27
9134,27
9134,27
9134,27
9134,27
9134,26
9134,26
9134,24
9134,23
9134,22
9134,20
9134,19
9134,19
9134,19
9134,18
9134,18
9134,18
9134,17
9134,17
9134,17
9134,16
9134,16
9134,16
9134,16
9134,16
9134,16
9134,15
9134,15
9134,15
9134,14
9134,14
9134,14
9134,14
9134,14
9134,13
9134,13
9134,13
9134,13
9134,13
9134,13
9134,12
9134,12
9134,11
9134,11
9134,11
9134,11
9134,11
9134,10
9134,10
9134,10
9397,13
9467,7
9469,1
9482,1
9482,0
9500,6
9508,134
9508,56
9508,38
9508,27
9508,21
9508,19
9508,17
9508,16
9508,16
9508,13
9508,13
9508,10
9508,9
9508,9
9508,8
9508,7
9508,7
9508,7
9508,7
9567,2
9568,206
9568,92
9568,62
9568,55
9568,53
9568,50
9568,46
9626,5
9637,10
9642,4
9652,35
9652,13
9652,9
9662,7
9677,6
9711,3
9726,13
9726,4
9726,2
9726,1
9731,86
9731,48
9731,32
9731,21
9731,19
9731,14
9731,12
9731,10
9731,10
9731,10
9731,8
9731,8
9731,6
9731,6
9731,5
9731,5
9731,4
9731,4
9731,4
9731,3
9787,1
9787,1
9796,6
9807,1
9808,6
9808,3
9811,14
9812,0
9817,17
9817,12
9822,47
9822,15
9822,14
9822,13
9822,8
9822,6
9858,9
9863,36
9863,16
9863,12
9863,6
9863,6
9863,5
9863,5
9863,4
9863,4
9863,3
9863,3
9863,3
9863,2
9863,2
9863,2
9863,2
9863,2
9902,4
9943,9
9953,154
9953,75
9953,59
9953,43
9953,30
9953,29
9953,26
9953,18
9953,17
9953,17
9953,15
9953,14
9953,13
10025,5
10067,11
10071,9
10071,4
10076,3
10078,31
10078,23
10078,20
10078,9
10140,1
10140,1
10140,0
10174,6
10174,2
10194,3
10200,2
10200,2
10216,6
10248,1
10261,31
10261,22
10261,14
10261,8
10261,8
10261,8
10261,7
10261,6
10261,6
10261,6
10261,6
10261,6
10261,5
10261,4
10261,3
10261,0
10261,0
10299,55
10299,42
10299,39
10299,35
10299,31
10299,31
10299,25
10299,20
10299,18
10299,16
10299,14
10369,77
10369,66
10369,5
10369,3
10372,81
10390,11
10421,5
10427,54
10427,28
10427,16
10468,3
10521,1
10560,0
10560,0
10582,32
10582,20
10582,18
10641,10
10641,0
10642,3
10647,14
10647,8
10647,0
10649,4
10666,2
10672,7
10672,4
10682,6
10682,3
10713,7
10713,2
10730,8
10754,11
10800,13
10802,5
10807,6
10811,150
10811,81
10811,42
10811,38
10811,26
10811,19
10811,13
10811,12
10811,8
10811,8
10811,8
10811,6
10811,6
10811,6
10811,5
10811,4
10841,21
10841,1
10841,1
10841,-1
10841,-1
10848,6
10848,5
10888,2
10905,4
10923,1
10934,6
10968,1
10995,5
11014,7
11014,2
11014,2
11017,7
11030,18
11036,3
11104,5
11108,5
11115,108
11115,71
11115,67
11115,61
11115,58
11115,58
11115,52
11115,40
11226,15
11249,2
11285,1
11287,2
11319,11
11338,3
11345,24
11345,9
11345,7
11345,6
11370,1
11372,2
11372,2
11386,3
11386,2
11387,7
11474,54
11474,38
11474,20
11474,11
11474,11
11474,7
11474,5
11474,4
11498,11
11511,3
11520,5
11520,3
11563,21
11563,11
11563,6
11563,1
11563,-2
11563,-9
11583,2
11586,4
11602,50
11602,24
11602,5
11602,2
11602,2
11602,2
11602,2
11602,1
11602,1
11602,1
11602,0
11602,0
11602,0
11602,0
11652,48
11652,45
11652,32
11652,28
11652,27
11652,23
11652,22
11652,18
11652,11
11652,11
11652,10
11652,9
11652,8
11652,6
11652,5
11673,23
11673,21
11673,19
11702,1
11705,10
11740,90
11740,5
11760,2
11770,1
11782,7
11851,4
11908,2
11938,3
11938,2
11971,8
11971,6
11971,3
12025,1
12039,13
12039,3
12039,3
12047,1
12053,4
12053,3
12053,0
12053,0
12073,20
12073,17
12119,11
12119,10
12132,97
12132,32
12132,31
12132,20
12132,10
12174,4
12174,2
12182,11
12182,2
12182,2
12222,2
12222,2
12224,18
12224,15
12224,7
12224,6
12224,2
12224,2
12224,1
12259,360
12259,77
12259,44
12259,27
12259,27
12259,20
12259,14
12259,13
12259,11
12259,8
12334,1
12335,7
12340,26
12362,10
12362,4
12362,3
12362,1
12362,-1
12362,-1
12362,-1
12362,-1
12362,-1
12373,96
12373,95
12373,83
12397,17
12421,76
12421,59
12448,2
12448,2
12455,13
12455,5
12468,39
12468,21
12468,19
12494,18
12494,9
12513,44
12513,32
12513,15
12513,12
12513,10
12513,5
12513,4
12513,3
12513,1
12527,13
12527,11
12543,6
12543,3
12576,5
12583,12
12599,7
12620,2
12662,14
12681,17
12694,4
12700,3
12700,1
12700,0
12744,4
12756,8
12766,4
12766,3
12783,9
12783,2
12803,6
12826,4
12851,4
12851,1
12912,2
12918,47
12918,19
12918,3
12936,9
12952,7
12952,2
12952,2
12977,2
12989,4
13049,44
13049,17
13049,15
13049,10
13065,10
13065,5
13065,5
13065,3
13065,2
13065,2
13065,2
13066,4
13066,0
13088,11
13122,5
13144,9
13148,3
13148,0
13193,2
13193,1
13193,1
13193,1
13198,14
13198,8
13198,6
13198,4
13198,3
13198,3
13198,2
13198,2
13198,2
13234,2
13240,1
13244,4
13249,1
13295,20
13295,9
13298,6
13298,4
13298,1
13320,14
13320,7
13320,4
13326,10
13326,5
13346,4
13396,18
13396,11
13413,8
13427,1
13445,2
13445,2
13445,2
13488,16
13495,5
13501,18
13501,8
13501,7
13530,10
13587,7
13587,5
13587,4
13592,12
13592,10
13611,16
13611,14
13676,65
13676,31
13676,14
13711,5
13738,12
13742,14
13748,3
13768,4
13775,4
13784,8
13784,6
13795,2
13827,16
13827,6
13827,4
13827,3
13827,3
13827,2
13842,15
13847,7
13847,4
13849,1
13851,25
13851,11
13851,3
13851,1
13976,14
13976,2
13976,2
13976,1
13976,1
13988,2
14013,2
14029,3
14056,24
14056,10
14056,9
14056,5
14056,5
14056,4
14056,4
14118,7
14143,3
14147,5
14147,-2
14167,1
14183,4
14200,16
14200,8
14210,7
14253,31
14253,16
14267,2
14300,4
14303,69
14306,7
14308,12
14308,6
14308,5
14325,2
14326,2
14391,3
14401,4
14421,13
14421,4
14442,8
14442,6
14442,2
14448,1
14453,2
14453,2
14461,2
14469,3
14470,14
14470,11
14470,9
14514,18
14522,5
14548,1
14551,4
14555,6
14559,4
14559,2
14579,4
14581,17
14595,21
14610,5
14633,4
14633,1
14637,23
14643,10
14643,2
14652,9
14656,22
14656,15
14656,9
14665,4
14665,3
14696,6
14738,4
14753,7
14763,11
14798,10
14898,3
14898,2
14898,1
14906,5
14906,2
14932,12
14932,2
15019,2
15020,1
15059,20
15059,4
15059,4
15059,4
15061,4
15079,9
15091,3
15091,2
15092,11
15126,4
15141,4
15143,35
15143,26
15143,14
15143,12
15143,9
15143,5
15191,10
15191,0
15219,11
15229,9
15229,5
15239,2
15249,3
15251,9
15270,3
15290,21
15297,4
15297,2
15308,5
15308,4
15353,10
15362,3
15420,4
15432,13
15440,5
15487,14
15504,2
15515,14
15515,3
15520,6
15540,30
15545,1
15590,7
15590,3
15590,2
15644,3
15650,41
15650,40
15650,11
15650,11
15650,8
15661,38
15661,22
15661,15
15661,9
15661,4
15661,1
15661,1
15689,2
15695,5
15695,4
15706,11
15706,5
15767,2
15775,13
15787,35
15787,16
15787,6
15815,4
15815,4
15815,2
15815,1
15815,1
15839,39
15839,6
15839,2
15839,1
15849,28
15849,13
15896,3
15896,3
15908,4
15947,5
15958,3
15969,11
16028,1
16054,10
16065,46
16121,36
16121,33
16137,66
16137,50
16137,43
16137,42
16137,36
16137,29
16137,28
16137,26
16137,25
16137,23
16184,114
16184,73
16184,62
16213,26
16250,46
16276,55
16276,12
16294,29
16294,21
16294,12
16343,2
16378,10
16378,7
16378,1
16390,1
16414,8
16418,4
16445,2
16470,1
16476,8
16542,7
16548,1
16621,7
16640,4
16640,1
16640,1
16650,5
16650,4
16650,3
16687,3
16690,9
16690,0
16712,23
16712,7
16720,9
16721,10
16721,5
16725,16
16734,5
16734,2
16760,3
16780,49
16780,23
16780,15
16780,9
16780,8
16780,5
16780,4
16869,11
16869,5
16874,4
16874,2
16890,5
16896,15
16896,13
16897,6
16902,7
16955,13
16996,11
16996,6
17012,5
17012,1
17016,8
17037,4
17037,3
17037,2
17037,2
17037,2
17037,2
17037,2
17038,13
17055,5
17105,28
17173,13
17183,3
17204,80
17204,37
17204,31
17204,20
17204,13
17204,12
17204,10
17204,9
17204,6
17204,5
17204,4
17204,3
17204,3
17204,2
17204,2
17204,2
17204,2
17204,2
17204,1
17204,1
17204,0
17204,0
17204,0
17204,-4
17310,13
17443,22
17443,8
17463,52
17463,17
17463,12
17463,5
17463,3
17483,7
17483,5
17552,20
17579,5
17579,5
17579,4
17612,12
17624,28
17624,18
17624,17
17636,3
17645,17
17645,8
17685,6
17700,4
17700,1
17748,8
17748,0
17782,63
17782,39
17845,20
17853,38
17853,21
17853,5
17853,3
17910,24
17910,22
17910,18
17910,14
17910,9
17910,8
17910,8
17910,7
17923,7
17985,5
17988,3
18039,2
18045,2
18051,7
18051,0
18098,10
18130,2
18198,27
18198,13
18221,23
18232,16
18242,53
18270,8
18312,10
18312,5
18329,5
18348,13
18360,9
18360,5
18360,2
18360,1
18370,8
18382,128
18382,77
18382,59
18382,54
18382,49
18382,32
18382,28
18382,22
18382,21
18382,17
18382,14
18382,14
18382,12
18382,7
18382,7
18382,7
18382,5
18382,4
18396,2
18454,6
18465,16
18494,10
18512,5
18540,6
18584,8
18584,5
18584,2
18677,12
18705,16
18720,3
18731,5
18733,4
18737,4
18737,3
18757,12
18759,15
18759,9
18759,4
18788,5
18805,3
18841,14
18841,10
18874,5
18878,25
18931,2
18941,5
18944,6
18978,16
19018,15
19018,6
19018,6
19018,5
19018,3
19018,2
19018,2
19021,22
19021,3
19024,22
19038,11
19059,3
19113,11
19126,8
19126,4
19190,10
19190,9
19190,4
19198,1
19213,2
19235,1
19244,2
19280,5
19281,2
19290,3
19299,6
19315,11
19315,7
19315,3
19330,12
19330,2
19330,1
19356,3
19356,0
19368,7
19368,7
19392,26
19392,11
19406,6
19406,6
19406,6
19406,3
19431,14
19457,13
19478,82
19478,80
19478,52
19478,49
19478,43
19478,37
19478,34
19478,32
19478,29
19478,26
19478,23
19478,22
19478,22
19478,22
19478,18
19478,16
19478,13
19478,12
19478,12
19478,12
19478,11
19478,10
19478,8
19478,8
19478,7
19478,7
19478,7
19478,6
19478,6
19478,5
19478,4
19478,3
19478,1
19478,1
19478,0
19478,-1
19478,-3
19478,-12
19508,10
19508,8
19520,4
19565,3
19565,2
19579,3
19579,2
19612,1
19624,6
19624,0
19665,10
19671,9
19671,8
19671,5
19707,4
19734,5
19756,16
19756,4
19756,2
19756,1
19756,0
19787,4
19792,12
19805,2
19808,20
19808,7
19808,5
19808,1
19808,1
19808,1
19841,4
19841,1
19852,15
19852,10
19857,5
19857,2
19881,4
19881,4
19881,0
19890,6
19915,12
19915,6
19938,14
19938,8
19938,7
19938,4
19938,2
19938,1
19940,29
19940,19
19940,8
19946,6
19968,5
19999,41
19999,23
20010,23
20010,11
20031,43
20084,5
20094,3
20168,5
20171,13
20194,6
20214,12
20214,6
20214,5
20214,3
20237,2
20251,10
20283,8
20291,7
20291,5
20309,13
20309,8
20309,8
20397,28
20397,25
20397,8
20397,4
20397,4
20397,3
20409,15
20409,9
20420,63
20420,54
20420,29
20420,23
20420,18
20420,13
20420,13
20420,8
20420,7
20420,6
20420,5
20420,4
20420,4
20420,3
20420,3
20420,0
20420,0
20420,-1
20432,4
20432,4
20438,15
20446,4
20473,3
20473,2
20477,38
20477,27
20524,18
20570,22
20570,17
20570,11
20570,9
20570,6
20570,6
20570,6
20570,6
20570,6
20570,5
20592,3
20601,11
20606,2
20625,21
20658,8
20668,14
20675,12
20675,11
20683,26
20683,10
20696,31
20696,16
20696,14
20696,12
20696,10
20696,7
20696,5
20696,5
20696,4
20696,3
20696,2
20696,2
20696,2
20726,12
20726,12
20726,5
20726,3
20726,3
20726,2
20726,1
20736,15
20736,14
20736,4
20736,3
20769,4
20798,4
20807,11
20819,3
20823,5
20823,2
20823,0
20823,0
20828,2
20828,1
20849,30
20849,19
20849,17
20849,10
20854,10
20883,10
20895,4
20896,23
20896,7
20912,36
20927,5
20929,5
20954,9
20954,6
20954,5
20972,9
20989,0
20996,2
21020,3
21026,5
21026,3
21037,6
21037,5
21037,2
21037,2
21053,26
21053,21
21053,11
21053,9
21080,42
21093,5
21099,12
21099,10
21099,5
21109,10
21109,4
21117,14
21117,7
21117,7
21117,1
21128,15
21302,2
21318,6
21318,6
21328,1
21361,12
21366,4
21414,9
21414,9
21431,3
21454,6
21454,6
21454,4
21462,18
21462,8
21462,6
21462,2
21462,2
21462,2
21463,8
21463,7
21463,3
21474,4
21549,9
21549,4
21549,3
21575,11
21575,5
21575,1
21583,3
21600,2
21609,8
21609,5
21609,3
21631,13
21643,16
21643,10
21645,7
21669,5
21669,3
21680,6
21683,8
21706,11
21717,2
21756,4
21759,2
21761,9
21761,2
21793,6
21793,5
21877,8
21885,7
21897,5
21897,3
21897,2
21897,1
21907,3
21907,0
21920,2
21923,2
21932,20
21932,8
21932,4
21938,18
21942,8
21949,9
22024,15
22044,9
22060,3
22117,76
22117,14
22117,9
22117,7
22117,5
22135,5
22135,2
22135,2
22151,25
22151,7
22174,20
22184,30
22186,18
22186,3
22186,2
22192,4
22232,29
22232,9
22232,7
22308,5
22308,3
22332,3
22336,13
22336,2
22345,4
22400,43
22400,30
22400,18
22442,10
22450,4
22454,1
22503,10
22510,36
22510,22
22510,4
22510,4
22513,13
22513,12
22567,12
22568,4
22568,0
22630,11
22640,22
22640,14
22640,13
22640,9
22675,12
22675,2
22693,5
22706,9
22716,5
22716,4
22716,2
22744,2
22771,20
22795,66
22795,56
22795,40
22795,23
22795,21
22795,19
22795,15
22795,15
22795,12
22842,24
22851,8
22869,3
22869,2
22869,1
22869,0
22869,0
22869,0
22869,0
22874,1
22877,4
22877,1
22877,-1
22934,21
22934,16
22953,7
22953,6
22958,10
22958,3
23005,6
23013,3
23025,4
23025,3
23049,8
23056,7
23072,3
23075,4
23080,5
23133,2
23148,11
23157,2
23165,8
23171,15
23193,10
23193,5
23244,25
23292,3
23302,1
23310,18
23310,18
23323,6
23366,18
23366,17
23366,14
23366,9
23373,14
23380,4
23385,18
23385,14
23385,14
23404,15
23417,4
23418,1
23440,3
23472,11
23472,6
23472,1
23472,1
23472,0
23482,5
23488,7
23488,5
23531,4
23550,1
23554,1
23554,1
23554,0
23554,0
23587,8
23595,2
23611,10
23611,3
23612,3
23615,8
23643,3
23643,1
23656,1
23670,4
23701,5
23717,3
23735,8
23756,7
23771,10
23799,3
23811,4
23822,3
23826,13
23826,6
23826,4
23826,2
23826,0
23834,7
23834,4
23834,2
23837,5
23869,38
23869,18
23889,12
23899,51
23899,28
23899,21
23899,8
23899,6
23899,2
23899,2
23899,2
23899,1
23899,0
23899,0
23899,0
23935,3
23935,0
23954,8
23955,38
23955,33
23955,20
23955,18
23955,18
23955,14
23955,13
23955,12
23955,11
23955,8
23959,14
23959,10
23982,5
24017,11
24019,10
24065,35
24065,31
24065,9
24065,8
24065,7
24065,4
24065,0
24079,44
24079,33
24093,24
24093,23
24135,1
24165,13
24165,12
24185,19
24230,1
24235,2
24240,5
24242,25
24242,5
24242,3
24242,2
24242,1
24242,1
24244,10
24269,1
24277,4
24280,5
24287,2
24295,2
24305,2
24313,2
24313,1
24400,7
24400,4
24421,22
24421,19
24421,16
24421,15
24421,4
24421,4
24421,4
24421,3
24421,2
24456,3
24456,0
24480,16
24480,9
24480,5
24480,5
24480,4
24480,3
24480,1
24490,12
24490,0
24490,0
24502,9
24507,3
24537,9
24539,1
24539,-2
24571,1
24608,12
24608,3
24611,54
24611,42
24611,11
24611,10
24611,7
24611,6
24611,4
24611,2
24611,1
24611,0
24611,0
24611,0
24616,4
24621,12
24621,2
24643,10
24659,5
24659,2
24659,1
24659,1
24669,9
24671,1
24672,2
24709,4
24709,3
24718,1
24745,7
24748,4
24769,9
24777,5
24781,5
24793,11
24793,2
24802,6
24805,3
24805,2
24807,3
24884,6
24897,44
24897,30
24897,15
24897,11
24897,11
24897,11
24897,7
24897,6
24897,5
24897,5
24912,0
24917,5
24917,4
24917,2
24924,2
24927,4
24933,7
24945,18
24945,12
24958,5
24962,5
24964,25
24964,7
24968,1
24988,2
24992,3
24994,15
24994,11
24994,3
24994,3
25002,3
25046,5
25053,6
25053,3
25055,3
25055,2
25059,5
25077,4
25079,2
25079,1
25103,10
25103,4
25103,1
25106,5
25106,3
25154,6
25166,4
25169,5
25176,4
25194,2
25194,2
25194,1
25194,1
25194,0
25202,8
25224,7
25224,3
25224,1
25224,0
25239,5
25246,5
25246,3
25274,7
25274,6
25276,4
25276,4
25276,1
25276,0
25286,7
25302,14
25302,8
25370,1
25378,5
25402,1
25404,9
25419,5
25419,1
25435,3
25437,17
25453,13
25514,4
25531,9
25558,11
25558,6
25579,2
25579,1
25594,4
25598,5
25598,3
25598,2
25598,0
25608,2
25610,6
25710,4
25725,4
25736,4
25743,1
25752,5
25752,1
25756,5
25803,4
25831,7
25831,2
25838,6
25838,3
25838,1
25838,0
25840,10
25840,9
25854,20
25872,12
25890,35
25956,17
25969,9
26011,40
26011,14
26014,18
26014,6
26040,7
26047,11
26051,10
26056,3
26056,2
26056,1
26084,3
26084,1
26093,6
26109,23
26109,16
26145,6
26146,16
26149,9
26159,16
26162,4
26162,2
26207,14
26207,9
26220,11
26220,8
26263,7
26293,1
26297,14
26297,9
26297,7
26297,1
26297,0
26319,8
26337,7
26345,22
26345,10
26345,2
26347,12
26347,8
26355,7
26365,5
26365,3
26365,1
26368,2
26368,1
26382,9
26398,3
26398,0
26398,-6
26438,7
26530,4
26536,9
26536,8
26557,10
26557,5
26560,5
26560,2
26560,1
26560,0
26587,2
26621,31
26643,7
26689,28
26689,25
26689,14
26689,14
26689,9
26689,8
26689,7
26689,7
26689,7
26689,6
26689,6
26689,5
26689,5
26689,4
26689,4
26689,3
26689,3
26689,3
26707,12
26707,5
26731,6
26731,4
26732,8
26732,3
26735,5
26744,2
26756,7
26766,5
26773,7
26813,6
26813,4
26820,8
26820,6
26843,2
26855,6
26873,8
26889,30
26906,3
26931,2
26961,1
26964,16
26964,15
26964,12
26981,18
26981,6
26998,6
27003,5
27029,6
27038,5
27112,60
27112,36
27112,26
27112,22
27112,17
27112,16
27112,14
27112,13
27112,13
27112,12
27112,11
27112,11
27112,10
27112,10
27112,9
27151,13
27151,9
27151,8
27151,7
27167,3
27204,6
27229,22
27229,10
27229,6
27229,3
27229,3
27243,-1
27261,16
27285,1
27304,3
27307,18
27307,8
27360,13
27367,15
27373,4
27413,1
27414,4
27487,7
27487,2
27508,3
27515,3
27532,1
27542,14
27566,5
27566,2
27575,3
27586,1
27604,2
27614,16
27614,5
27614,3
27614,2
27614,2
27633,25
27633,20
27633,14
27633,10
27633,10
27633,9
27633,7
27633,7
27660,3
27677,2
27683,1
27687,8
27693,5
27734,4
27735,4
27735,2
27759,4
27761,6
27771,8
27775,9
27808,4
27809,11
27809,8
27809,6
27809,2
27821,8
27821,0
27825,13
27859,6
27859,4
27859,1
27862,3
27889,6
27914,0
27931,1
27933,2
27933,1
27946,7
27959,5
27975,6
28005,32
28005,17
28005,11
28063,5
28074,8
28080,7
28088,3
28102,5
28102,4
28122,2
28136,2
28136,2
28160,4
28160,3
28160,3
28180,2
28195,3
28195,2
28207,1
28221,6
28221,3
28221,3
28221,3
28221,1
28232,17
28297,2
28309,24
28350,3
28375,30
28375,4
28375,4
28375,3
28375,2
28375,1
28384,6
28384,0
28393,-2
28397,4
28416,53
28425,1
28433,5
28445,9
28462,6
28475,5
28475,4
28475,3
28485,3
28485,1
28535,15
28540,21
28564,8
28564,0
28586,3
28618,4
28625,38
28625,22
28625,8
28625,5
28625,1
28633,10
28634,6
28642,37
28642,34
28642,23
28642,9
28642,6
28642,4
28642,3
28648,16
28653,8
28679,6
28703,10
28703,9
28703,8
28708,8
28708,2
28728,3
28728,2
28730,2
28733,26
28743,17
28789,6
28827,15
28831,5
28842,2
28867,13
28867,8
28882,13
28882,10
28882,6
28882,6
28882,5
28882,4
28882,3
28882,3
28882,2
28882,2
28882,2
28882,2
28910,5
28924,4
28984,10
28984,7
28984,5
28984,4
28984,1
28984,0
28988,3
28994,4
28996,11
28996,1
29004,5
29004,4
29006,6
29006,2
29008,18
29020,9
29023,3
29026,4
29026,2
29029,4
29039,3
29039,2
29040,7
29040,3
29110,9
29110,7
29136,6
29136,2
29146,5
29147,1
29148,1
29241,0
29254,12
29262,6
29262,2
29266,2
29301,1
29302,3
29303,7
29324,2
29339,1
29344,6
29344,1
29363,2
29380,5
29384,1
29394,6
29404,10
29414,5
29446,1
29449,6
29458,3
29458,1
29498,2
29514,6
29518,37
29518,16
29518,12
29563,12
29570,3
29579,21
29579,5
29579,3
29579,2
29592,12
29600,9
29625,3
29665,4
29723,6
29724,5
29732,13
29761,11
29765,6
29765,4
29777,2
29783,1
29803,3
29806,4
29823,7
29840,18
29840,7
29840,5
29867,6
29870,4
29871,2
29880,12
29919,1
29922,6
29931,11
29939,11
29948,0
29955,4
29955,3
29966,21
29990,4
30004,41
30008,8
30008,2
30008,2
30059,2
30071,15
30076,7
30076,2
30076,1
30076,1
30089,2
30095,3
30118,3
30142,7
30151,9
30179,2
30187,56
30193,29
30193,9
30193,9
30193,8
30193,2
30250,4
30255,4
30269,1
30272,4
30282,5
30285,-2
30300,3
30301,5
30301,1
30304,3
30319,2
30336,-7
30360,1
30371,7
30371,2
30371,2
30395,5
30399,4
30411,24
30415,3
30415,1
30419,18
30419,18
30419,12
30419,8
30441,7
30441,3
30441,0
30451,12
30462,14
30489,3
30489,0
30500,1
30532,4
30536,3
30559,5
30559,2
30560,12
30567,8
30567,4
30578,27
30578,23
30578,17
30610,5
30618,1
30620,16
30643,10
30657,4
30709,5
30709,4
30709,3
30709,1
30709,0
30709,0
30709,0
30736,8
30742,2
30745,2
30757,5
30763,4
30763,0
30772,4
30780,3
30805,1
30836,186
30836,107
30836,66
30910,16
30910,6
30910,6
30910,4
30910,3
30910,2
30910,2
30910,1
30988,7
31000,5
31015,3
31021,10
31021,4
31021,3
31021,3
31021,2
31021,1
31021,1
31021,1
31060,5
31060,2
31064,1
31071,12
31092,2
31102,7
31168,38
31168,27
31211,10
31222,4
31222,2
31253,6
31253,5
31265,6
31265,5
31285,27
31285,11
31285,3
31285,2
31285,2
31288,6
31309,27
31332,5
31370,1
31371,4
31401,15
31412,6
31422,1
31436,4
31581,9
31582,10
31635,7
31635,6
31638,3
31649,16
31649,8
31660,10
31725,10
31752,19
31752,13
31752,12
31752,7
31765,7
31776,22
31776,7
31781,21
31781,5
31781,4
31781,4
31801,0
31809,7
31818,1
31842,13
31850,7
31867,22
31882,1
31902,16
31913,219
31913,216
31913,213
31913,165
31913,153
31913,123
31913,121
31913,110
31913,100
31913,92
31913,88
31913,86
31913,78
31913,78
31913,76
31913,75
31913,74
31913,69
31913,64
31913,60
31913,59
31913,52
31913,50
31913,46
31913,44
31913,43
31913,41
31913,41
31913,39
31913,39
31913,36
31913,35
31913,31
31913,30
31913,28
31913,28
31913,27
31913,26
31913,24
31913,24
31913,24
31913,22
31913,22
31913,21
31913,21
31913,20
31913,19
31913,18
31913,17
31913,17
31913,17
31913,17
31913,16
31913,14
31913,13
31913,12
31913,12
31913,11
31913,11
31913,11
31913,11
31913,11
31913,10
31913,10
31913,9
31913,8
31913,8
31913,8
31913,7
31913,6
31913,6
31913,6
31913,5
31913,5
31913,4
31913,4
31913,4
31913,3
31913,3
31913,3
31913,3
31983,14
32023,8
32023,4
32026,5
32087,11
32087,10
32087,6
32087,6
32087,4
32087,2
32090,2
32104,8
32104,3
32104,3
32114,1
32181,1
32181,1
32181,-1
32198,10
32198,1
32199,8
32232,1
32232,1
32237,2
32249,15
32249,7
32249,6
32277,9
32294,1
32299,26
32311,39
32311,21
32311,11
32369,2
32373,7
32376,9
32376,6
32392,3
32446,6
32490,15
32509,27
32509,10
32509,4
32509,2
32516,76
32516,46
32536,5
32597,2
32609,3
32609,1
32625,2
32625,1
32625,1
32625,0
32625,0
32626,6
32647,1
32651,11
32664,6
32705,25
32705,22
32712,2
32716,6
32755,9
32789,9
32789,7
32789,4
32789,4
32791,4
32801,5
32820,7
32829,15
32833,4
32874,3
32892,19
32937,25
32937,12
32944,3
32944,2
32951,2
32970,10
32988,3
32992,11
33005,11
33040,5
33068,1
33072,4
33081,26
33081,25
33081,17
33081,15
33081,12
33081,11
33081,10
33081,9
33089,3
33090,8
33090,5
33090,3
33092,10
33099,1
33101,0
33117,4
33167,3
33171,1
33189,13
33189,6
33195,5
33195,4
33200,10
33218,11
33245,5
33250,6
33265,21
33265,19
33265,11
33290,7
33290,3
33326,8
33331,10
33331,4
33343,12
33353,2
33392,3
33393,3
33398,31
33482,5
33560,5
33579,2
33581,5
33688,12
33716,8
33747,5
33747,3
33771,9
33786,22
33786,12
33786,5
33786,3
33786,2
33786,1
33786,1
33802,12
33809,17
33848,1
33852,19
33869,1
33875,20
33896,4
33911,19
33945,8
33954,0
33958,6
33965,7
33986,2
34000,15
34012,6
34024,2
34024,1
34123,9
34132,16
34134,0
34154,26
34181,29
34181,17
34181,11
34181,11
34181,10
34207,2
34208,9
34214,21
34271,3
34281,2
34340,12
34349,7
34349,6
34364,11
34371,5
34371,2
34374,2
34376,10
34377,30
34377,7
34377,5
34377,4
34394,1
34397,8
34412,5
34412,5
34431,3
34432,14
34432,4
34434,6
34448,2
34464,20
34464,12
34470,5
34470,1
34502,4
34509,2
34527,46
34527,28
34542,0
34570,17
34570,15
34588,24
34588,2
34604,3
34611,0
34620,7
34697,3
34725,7
34739,3
34753,3
34774,1
34799,2
34800,10
34813,1
34815,19
34815,7
34836,1
34878,15
34878,10
34893,12
34901,2
34903,39
34903,7
34903,6
34903,3
34903,3
34903,0
34928,5
34959,7
34974,4
34986,1
35000,0
35013,16
35013,10
35013,6
35013,3
35016,16
35051,2
35052,26
35075,3
35081,6
35084,4
35089,17
35089,9
35097,1
35097,0
35101,1
35175,5
35175,4
35190,3
35193,1
35211,7
35264,18
35264,13
35284,4
35297,6
35340,5
35393,21
35443,15
35443,9
35443,0
35447,1
35453,13
35490,2
35497,24
35497,17
35497,15
35501,27
35501,14
35501,6
35546,9
35546,4
35553,1
35566,16
35583,47
35583,35
35583,32
35583,27
35583,22
35583,14
35583,13
35583,9
35583,8
35583,8
35583,8
35597,2
35597,1
35612,2
35674,2
35676,6
35696,1
35702,2
35722,6
35723,18
35723,16
35723,7
35723,6
35723,6
35723,4
35723,3
35723,2
35723,1
35723,1
35723,1
35723,1
35723,0
35723,0
35723,0
35723,0
35723,0
35723,0
35723,0
35723,0
35724,7
35724,5
35724,4
35740,1
35744,12
35754,1
35805,6
35862,3
35906,1
35926,8
35946,3
35963,3
35970,8
35970,-11
35979,12
35979,11
35995,10
36007,2
36015,4
36026,3
36026,1
36038,4
36079,19
36103,4
36103,1
36103,0
36117,1
36146,7
36179,4
36179,1
36179,0
36247,8
36254,7
36276,7
36279,3
36288,12
36288,6
36288,5
36303,12
36303,10
36303,9
36303,7
36303,6
36303,5
36303,3
36303,2
36303,2
36303,2
36303,2
36303,2
36318,4
36355,2
36371,8
36371,4
36396,2
36397,11
36414,4
36460,1
36543,1
36557,12
36557,3
36590,13
36590,11
36590,8
36590,8
36590,8
36590,7
36590,6
36590,6
36590,6
36590,5
36590,5
36590,5
36590,5
36590,5
36590,5
36590,4
36590,4
36590,4
36590,4
36590,4
36590,4
36590,3
36590,3
36590,3
36590,2
36590,2
36590,2
36590,2
36590,1
36590,1
36590,1
36590,1
36590,1
36591,5
36610,3
36633,2
36633,1
36648,2
36710,8
36723,9
36728,5
36735,8
36738,3
36772,3
36772,3
36783,4
36791,2
36805,2
36819,10
36819,8
36872,7
36882,2
36916,4
36918,14
36925,5
36954,3
36954,1
36993,1
37030,3
37053,12
37090,9
37090,5
37090,2
37096,27
37104,7
37109,2
37113,2
37119,0
37124,1
37145,4
37147,3
37154,2
37180,2
37216,1
37231,6
37231,1
37260,17
37260,7
37261,1
37328,118
37328,23
37328,21
37328,13
37328,13
37328,10
37328,9
37328,8
37328,7
37328,7
37328,7
37328,6
37328,5
37328,5
37328,4
37328,4
37328,3
37328,3
37328,3
37328,3
37328,3
37328,3
37328,3
37328,3
37328,2
37328,2
37328,2
37328,2
37328,2
37328,2
37328,2
37328,2
37328,2
37328,2
37328,2
37328,1
37328,1
37328,1
37328,1
37328,1
37328,1
37356,3
37380,2
37380,0
37395,7
37397,2
37419,2
37419,1
37459,1
37466,54
37466,22
37466,10
37466,6
37466,6
37466,3
37466,2
37493,27
37493,19
37493,11
37493,8
37493,6
37493,6
37493,6
37493,5
37527,15
37597,24
37597,6
37651,1
37651,0
37651,0
37731,9
37758,8
37758,6
37765,8
37794,2
37810,8
37810,2
37810,2
37810,1
37825,82
37825,26
37825,21
37844,3
37844,1
37889,5
37894,5
37894,1
37894,1
37917,1
37998,4
38018,4
38018,1
38018,1
38031,5
38056,7
38056,1
38056,0
38090,20
38209,4
38222,2
38250,3
38250,3
38252,8
38252,3
38252,1
38330,11
38330,7
38445,2
38453,1
38455,14
38464,0
38481,4
38495,4
38544,4
38544,3
38544,2
38544,2
38544,2
38544,1
38544,0
38544,0
38544,0
38557,4
38557,4
38570,4
38582,4
38612,4
38617,4
38627,12
38676,5
38684,1
38712,3
38823,8
38856,17
38875,4
38944,4
38963,8
38987,3
38990,8
39041,16
39041,11
39041,2
39049,28
39049,22
39049,22
39059,1
39097,2
39105,-4
39127,2
39135,10
39135,3
39167,16
39168,1
39215,5
39222,1
39303,5
39303,2
39327,10
39354,1
39403,0
39454,2
39490,9
39491,6
39509,4
39512,1
39513,3
39545,35
39545,4
39545,3
39569,7
39588,9
39674,15
39720,1
39741,2
39792,5
39814,1
39827,12
39827,7
39827,6
39827,5
39827,4
39827,3
39827,2
39827,1
39862,2
39869,1
39887,1
39887,0
39950,4
39950,3
39950,2
40004,2
40020,10
40090,9
40132,7
40134,10
40138,16
40138,11
40205,1
40214,8
40232,1
40248,0
40248,0
40248,0
40266,3
40316,6
40327,11
40346,21
40346,5
40346,0
40353,23
40389,14
40393,1
40423,3
40427,8
40436,11
40445,11
40445,9
40463,6
40466,13
40480,17
40480,4
40480,1
40519,0
40576,4
40581,3
40617,3
40617,2
40665,17
40688,11
40714,6
40714,4
40730,4
40733,2
40742,7
40742,4
40767,5
40805,1
40805,1
40815,5
40897,12
40906,6
40909,2
40927,2
41062,23
41062,7
41062,6
41062,5
41068,6
41108,1
41121,3
41130,4
41140,2
41181,18
41181,6
41254,4
41288,41
41288,10
41288,8
41288,5
41288,4
41288,4
41288,3
41288,2
41344,6
41347,9
41365,2
41391,8
41440,2
41469,2
41514,2
41519,5
41520,4
41542,1
41559,2
41566,3
41637,3
41660,18
41660,15
41660,13
41679,14
41679,2
41712,1
41745,8
41779,4
41779,2
41811,5
41834,2
41834,1
41846,1
41858,2
41860,12
41908,1
41928,2
41932,3
41956,4
41976,41
41976,20
41976,20
41976,18
41976,15
41976,15
41976,13
41976,12
41976,8
41976,8
41976,7
41976,7
41976,6
41976,5
41976,5
41976,4
41976,4
41976,4
41976,4
41976,4
41976,4
41976,3
41976,3
41976,3
41976,3
41976,2
41976,2
41976,2
41976,1
41976,1
41976,1
41976,0
41976,0
41976,0
41976,0
41976,0
41976,0
41976,0
42109,3
42158,5
42158,3
42161,6
42247,7
42247,6
42247,2
42257,4
42324,9
42324,7
42324,5
42337,5
42337,2
42337,2
42337,1
42337,1
42364,23
42364,4
42383,1
42383,0
42404,4
42436,2
42474,13
42481,6
42481,5
42481,4
42501,15
42539,3
42558,12
42565,0
42579,2
42591,4
42601,47
42601,24
42601,14
42601,13
42613,2
42654,3
42689,11
42693,15
42769,27
42769,21
42817,4
42863,17
42870,9
42878,3
42885,88
42885,25
42885,13
42885,10
42904,22
42904,10
42904,4
42904,3
42904,3
42925,20
43004,67
43004,20
43004,4
43004,3
43004,2
43019,24
43022,2
43039,5
43055,4
43080,0
43110,27
43110,6
43110,3
43110,3
43153,1
43204,4
43204,0
43218,6
43218,4
43349,5
43426,6
43451,4
43456,2
43512,12
43512,7
43556,2
43672,6
43683,3
43692,3
43769,0
43805,6
43810,9
43911,6
43911,2
43911,2
43911,1
43911,1
43911,0
43948,2
43957,5
43991,81
43991,7
43991,4
43991,4
43991,3
43991,3
43991,2
44011,5
44011,2
44063,8
44063,1
44094,1
44102,15
44102,0
44158,11
44173,9
44173,7
44188,17
44199,14
44199,8
44199,8
44199,8
44199,7
44223,12
44243,2
44251,1
44258,5
44297,9
44330,4
44345,10
44345,8
44345,4
44345,4
44345,3
44345,3
44345,2
44345,2
44345,1
44345,0
44435,2
44458,6
44484,19
44545,5
44545,1
44590,17
44618,19
44618,17
44618,11
44618,9
44618,9
44618,8
44618,6
44618,5
44618,5
44637,4
44643,6
44670,5
44670,3
44717,7
44717,5
44717,3
44747,0
44764,2
44774,9
44774,5
44807,9
44825,6
44840,13
44840,6
44854,5
44977,5
44995,13
45003,3
45090,2
45094,3
45094,3
45094,2
45108,1
45176,32
45176,8
45176,7
45200,2
45204,4
45238,21
45238,18
45255,7
45255,4
45257,2
45273,2
45277,12
45277,12
45277,6
45277,3
45297,4
45325,3
45333,3
45333,2
45360,7
45360,2
45360,1
45360,-1
45373,13
45377,5
45377,2
45377,2
45407,10
45418,11
45436,1
45438,8
45438,2
45464,6
45464,1
45479,1
45479,1
45493,0
45493,0
45507,4
45560,1
45607,3
45620,11
45708,4
45738,2
45767,3
45782,15
45782,10
45782,7
45782,2
45782,2
45782,2
45782,1
45782,1
45791,4
45804,5
45818,6
45837,2
45848,20
45881,10
45888,1
45961,6
45961,5
45988,8
45988,5
46008,3
46032,3
46035,5
46035,4
46043,4
46074,6
46074,5
46074,3
46075,7
46078,13
46081,2
46099,4
46126,0
46130,5
46147,2
46161,4
46173,12
46173,7
46183,2
46183,1
46183,0
46213,3
46234,5
46240,1
46308,7
46308,7
46315,7
46318,0
46351,5
46384,3
46389,3
46389,2
46430,4
46433,11
46433,5
46434,1
46453,12
46472,2
46551,9
46551,7
46551,4
46571,10
46571,7
46571,5
46677,2
46684,11
46684,6
46694,11
46729,4
46729,3
46729,0
46734,3
46765,2
46793,16
46793,11
46799,3
46803,7
46803,4
46803,2
46829,6
46829,4
46840,10
46840,2
46916,6
46920,118
46920,105
46920,95
46920,89
46920,76
46920,63
46920,56
46920,53
46920,47
46920,38
47047,13
47047,9
47130,11
47141,8
47162,7
47217,6
47234,23
47234,21
47320,13
47324,24
47324,18
47324,17
47324,16
47324,14
47324,12
47324,12
47324,7
47382,4
47387,15
47400,5
47400,2
47410,3
47433,43
47433,6
47433,-13
47439,9
47482,13
47482,5
47537,9
47547,8
47577,5
47577,3
47634,9
47634,6
47634,5
47634,1
47656,8
47661,4
47661,3
47698,20
47698,12
47698,7
47718,9
47718,5
47718,3
47718,2
47749,5
47749,4
47750,2
47750,0
47750,0
47822,5
47878,1
47950,4
47950,2
47962,2
47976,1
47978,2
47994,24
47994,22
48010,5
48017,4
48022,6
48022,3
48022,2
48087,3
48087,1
48118,5
48120,3
48147,28
48147,6
48160,6
48165,3
48197,4
48197,3
48212,3
48249,47
48249,19
48249,13
48249,10
48249,8
48249,8
48249,6
48299,9
48417,16
48417,13
48429,5
48513,3
48554,3
48578,10
48590,7
48631,2
48656,11
48656,7
48656,3
48665,0
48718,2
48760,4
48768,5
48785,11
48791,7
48798,2
48812,3
48840,25
48840,16
48840,12
48866,4
48876,7
48955,1
48974,6
48974,1
49030,2
49096,19
49132,4
49147,3
49149,3
49149,2
49150,0
49220,11
49233,1
49242,1
49257,1
49266,4
49266,3
49301,3
49340,1
49349,1
49354,5
49355,0
49378,5
49402,2
49419,8
49424,4
49424,3
49424,2
49424,2
49424,1
49424,1
49424,0
49424,0
49433,4
49459,5
49466,4
49466,3
49478,12
49501,8
49518,0
49563,10
49608,6
49608,3
49608,2
49651,12
49675,3
49704,8
49704,2
49704,2
49716,9
49716,3
49716,3
49716,2
49728,6
49728,0
49749,2
49760,12
49760,5
49769,5
49769,2
49769,2
49769,0
49769,-14
49822,5
49852,12
49865,3
49886,2
49891,13
49891,9
49919,1
49919,1
49922,5
49943,7
49943,5
49943,5
49943,4
49943,4
49943,3
49943,3
49943,3
49943,2
49943,2
49943,2
49943,1
49943,1
49943,1
49943,0
49967,2
49990,5
50030,4
50065,0
50067,6
50069,24
50079,4
50088,7
50088,5
50088,4
50088,3
50088,3
50088,3
50088,2
50088,2
50088,2
50088,1
50088,1
50088,1
50088,0
50088,0
50133,2
50133,1
50148,4
50183,2
50218,2
50262,8
50276,7
50291,7
50296,1
50296,1
50358,5
50414,-1
50432,8
50432,2
50444,3
50448,3
50450,9
50473,1
50512,3
50523,14
50523,10
50523,4
50554,3
50579,4
50596,3
50614,3
50706,11
50731,1
50738,9
50761,5
50783,5
50783,1
50783,0
50783,0
50809,5
50820,4
50824,1
50839,15
50839,4
50847,2
50902,24
50902,5
50902,2
50902,1
50902,0
50902,0
50912,21
50912,0
50920,7
50933,13
50933,6
50933,4
50961,12
50961,3
50967,14
50967,13
50967,9
50967,6
50967,5
50978,4
51002,1
51022,5
51038,7
51091,1
51097,10
51097,5
51097,4
51097,3
51117,3
51131,1
51131,0
51136,16
51136,9
51136,4
51136,-2
51192,1
51192,1
51216,1
51229,8
51232,3
51239,3
51291,1
51354,3
51395,14
51395,12
51395,10
51395,7
51395,6
51395,5
51395,5
51395,4
51395,3
51395,3
51395,3
51395,2
51408,11
51408,4
51417,1
51463,5
51469,16
51469,14
51469,11
51469,10
51469,7
51485,0
51519,3
51519,1
51519,0
51542,4
51585,4
51627,19
51627,12
51627,9
51693,1
51697,4
51812,1
51899,5
51903,1
51903,0
51924,0
51926,7
51947,20
51947,8
51947,6
51947,1
51947,0
51949,9
51985,4
52005,7
52024,2
52026,16
52033,3
52066,17
52066,11
52089,11
52089,2
52089,2
52122,4
52136,2
52141,18
52141,6
52141,2
52141,0
52147,2
52147,0
52163,3
52168,8
52168,7
52168,5
52168,4
52218,6
52219,5
52287,1
52288,8
52297,2
52331,12
52331,6
52361,4
52361,2
52371,2
52371,0
52379,12
52379,7
52379,6
52379,2
52379,1
52425,8
52450,0
52468,5
52501,2
52501,2
52501,1
52530,11
52530,8
52530,7
52532,3
52562,17
52562,15
52562,9
52562,8
52562,7
52614,13
52645,2
52662,18
52662,13
52662,2
52725,1
52725,0
52730,8
52746,0
52754,10
52764,7
52865,2
52869,2
52892,10
52892,9
52894,13
52958,2
52958,0
53075,14
53075,8
53081,3
53114,2
53124,3
53172,6
53289,2
53303,1
53346,79
53346,75
53346,54
53346,53
53346,46
53346,44
53346,44
53346,38
53346,37
53346,30
53346,29
53346,26
53346,26
53346,21
53346,19
53346,18
53346,16
53346,16
53346,14
53346,13
53346,10
53346,10
53346,9
53346,9
53346,8
53346,8
53363,4
53436,5
53467,7
53471,6
53480,4
53498,1
53520,3
53528,5
53528,0
53529,3
53578,4
53588,3
53592,30
53592,11
53599,7
53609,5
53647,11
53650,34
53650,12
53650,6
53650,5
53650,1
53659,12
53659,5
53695,11
53695,8
53695,2
53695,0
53709,8
53719,13
53734,10
53734,3
53743,38
53776,8
53776,3
53776,2
53776,2
53796,8
53798,3
53806,10
53811,35
53811,29
53811,21
53811,17
53811,17
53811,16
53811,12
53811,10
53813,6
53816,3
53834,4
53844,8
53858,2
53880,6
53887,10
53911,1
53919,14
53927,2
53927,0
53943,1
53947,4
53958,3
53965,8
53974,5
53989,8
53989,1
54024,9
54070,10
54071,11
54086,8
54202,1
54202,1
54230,4
54236,7
54249,14
54249,9
54249,9
54249,9
54249,4
54249,3
54249,2
54249,2
54249,1
54249,1
54249,0
54313,3
54315,14
54315,4
54316,3
54320,3
54329,2
54329,1
54329,1
54329,0
54366,2
54387,5
54392,5
54450,1
54450,0
54492,1
54533,5
54533,4
54566,4
54566,2
54580,34
54597,12
54597,5
54633,7
54681,10
54681,8
54681,5
54681,4
54695,6
54697,11
54737,6
54795,5
54896,3
54897,4
54902,1
54908,8
54937,4
54942,3
54966,4
54984,4
54998,5
55017,1
55038,3
55038,2
55097,1
55119,9
55203,9
55240,4
55261,20
55380,9
55380,3
55380,2
55386,0
55430,0
55442,8
55442,2
55442,1
55513,2
55592,9
55599,10
55624,4
55639,8
55639,3
55665,4
55665,0
55668,20
55670,7
55686,1
55714,3
55735,4
55778,0
55811,1
55822,8
55822,6
55857,2
55888,11
55888,2
55888,-1
55914,8
55914,6
56022,6
56027,12
56060,1
56065,3
56137,2
56172,5
56174,1
56198,2
56201,14
56215,29
56215,17
56215,7
56223,6
56258,3
56280,1
56290,5
56326,4
56326,3
56366,4
56366,4
56366,3
56366,2
56366,1
56383,1
56396,14
56396,11
56426,3
56428,1
56469,17
56469,8
56469,5
56469,2
56469,0
56499,1
56506,1
56506,-3
56514,14
56514,8
56514,5
56514,2
56556,6
56556,5
56556,4
56575,6
56620,3
56620,1
56657,1
56669,28
56669,7
56669,6
56669,5
56669,5
56712,20
56712,18
56712,11
56712,6
56712,5
56712,3
56719,6
56719,2
56748,2
56787,1
56788,7
56788,4
56808,2
56817,61
56817,41
56817,31
56817,27
56817,21
56817,20
56817,19
56817,18
56817,10
56817,8
56817,7
56817,6
56817,6
56817,6
56817,5
56817,4
56817,4
56817,4
56817,4
56817,3
56817,3
56817,2
56817,2
56817,1
56849,6
56849,4
56853,3
56892,1
56896,5
56930,1
56943,13
56971,2
57015,3
57019,8
57019,3
57019,2
57078,0
57121,1
57165,2
57202,0
57226,27
57226,10
57226,7
57232,5
57232,0
57244,4
57255,1
57265,2
57277,4
57286,4
57288,12
57288,9
57288,8
57315,3
57316,6
57316,3
57324,1
57330,1
57330,0
57343,5
57344,5
57383,7
57412,2
57436,1
57466,2
57471,2
57471,2
57472,4
57474,6
57476,2
57479,3
57497,28
57497,20
57497,20
57497,13
57497,10
57497,8
57497,5
57497,5
57497,3
57497,3
57528,5
57590,1
57613,2
57628,1
57628,-1
57715,4
57715,2
57722,5
57725,0
57761,1
57762,1
57791,-1
57846,2
57855,19
57855,12
57867,4
57875,1
57876,1
57928,4
57928,2
57928,1
57931,14
57931,3
57931,0
57931,0
57961,4
57986,7
57986,2
57987,0
57992,6
57993,5
57997,7
57997,2
58034,2
58036,3
58039,1
58067,5
58127,2
58129,3
58133,3
58148,5
58148,1
58160,13
58160,4
58168,3
58185,0
58201,3
58270,3
58293,3
58301,1
58310,0
58317,10
58317,3
58340,7
58348,4
58362,6
58391,2
58391,1
58407,6
58433,3
58433,1
58437,4
58440,10
58440,2
58440,0
58458,4
58467,6
58475,2
58485,2
58507,4
58545,3
58545,1
58566,-2
58574,7
58578,7
58587,1
58609,2
58645,1
58647,4
58647,3
58647,3
58647,1
58647,1
58647,0
58687,4
58700,1
58712,1
58751,2
58753,1
58779,4
58780,3
58782,1
58788,1
58823,3
58837,1
58847,1
58875,1
58890,13
58909,1
58924,10
58931,15
58931,13
58931,5
58931,3
58931,2
58947,56
58947,22
59065,6
59084,17
59084,7
59084,6
59084,6
59084,5
59084,3
59084,1
59085,3
59104,8
59162,10
59162,8
59162,5
59188,1
59285,9
59307,8
59317,11
59329,3
59333,6
59341,6
59402,0
59408,3
59409,2
59435,0
59445,43
59454,7
59474,2
59511,6
59594,3
59612,1
59653,1
59655,5
59663,1
59674,4
59712,2
59721,0
59728,10
59736,4
59756,0
59760,9
59760,4
59760,1
59766,1
59771,2
59782,3
59828,12
59892,11
59907,4
59910,10
59910,2
59930,2
59939,1
59959,3
59962,11
59991,16
60042,9
60042,6
60108,8
60137,2
60166,4
60168,2
60168,0
60188,0
60190,1
60197,3
60204,2
60227,17
60227,4
60227,0
60227,-1
60262,3
60262,3
60262,2
60266,6
60286,2
60297,8
60297,4
60318,3
60334,8
60338,3
60342,8
60382,2
60396,2
60403,3
60407,4
60422,10
60425,2
60468,1
60494,3
60511,6
60552,6
60557,8
60592,8
60597,23
60597,7
60597,5
60602,5
60602,4
60618,10
60644,18
60644,10
60644,2
60650,3
60729,1
60742,5
60742,3
60779,0
60810,3
60814,1
60824,4
60824,0
60877,6
60889,4
60891,2
60901,2
60923,3
60938,6
60955,2
60974,5
60977,1
60982,2
60995,3
61000,7
61005,4
61012,2
61012,2
61019,2
61039,14
61039,12
61039,12
61039,10
61039,7
61039,5
61074,2
61077,35
61077,26
61077,10
61077,8
61077,7
61079,2
61103,8
61121,3
61142,42
61142,17
61142,13
61142,3
61142,1
61142,0
61142,0
61142,0
61142,-1
61142,-2
61142,-2
61171,1
61221,9
61221,3
61221,2
61221,1
61241,1
61283,1
61301,10
61306,3
61352,4
61352,3
61354,3
61364,2
61368,5
61380,1
61381,1
61413,6
61449,5
61456,5
61459,9
61459,5
61459,0
61479,3
61516,7
61539,5
61545,2
61577,4
61593,10
61593,8
61593,7
61593,4
61606,7
61606,5
61657,2
61689,2
61708,9
61720,4
61780,1
61789,3
61796,0
61817,8
61825,1
61838,3
61875,2
61877,1
61885,2
61885,0
61909,1
61913,1
61935,2
61941,2
61946,1
61946,0
61949,4
61950,6
61976,0
61977,0
61996,1
62004,2
62005,11
62014,10
62052,2
62077,7
62077,1
62082,3
62094,9
62130,7
62159,0
62194,13
62205,0
62224,7
62238,1
62249,1
62296,8
62296,6
62296,3
62358,1
62361,25
62361,4
62400,2
62402,2
62402,-1
62405,4
62411,4
62411,2
62473,1
62480,5
62480,2
62501,5
62519,1
62545,1
62572,2
62573,1
62588,9
62588,7
62593,1
62602,8
62651,2
62651,0
62652,11
62658,7
62669,15
62672,18
62672,17
62672,9
62694,2
62695,9
62695,4
62695,3
62695,2
62695,1
62695,1
62695,1
62697,6
62697,6
62702,3
62719,2
62723,7
62743,22
62810,4
62830,6
62830,2
62853,20
62853,12
62871,4
62871,3
62871,2
62971,1
62979,5
62979,3
62989,4
63125,2
63125,1
63146,2
63148,2
63148,1
63148,0
63165,3
63191,1
63201,1
63243,5
63243,3
63293,18
63305,2
63307,14
63307,5
63307,3
63322,10
63322,6
63328,2
63338,10
63359,8
63364,7
63387,24
63387,16
63387,14
63390,3
63422,1
63483,3
63505,6
63505,4
63536,43
63536,26
63536,18
63536,13
63536,11
63593,1
63619,3
63644,21
63644,18
63644,17
63644,10
63704,3
63745,72
63745,11
63762,5
63778,1
63812,2
63835,10
63841,2
63841,0
63845,5
63845,2
63847,1
63880,6
63895,6
63939,1
63941,1
63961,1
63961,1
63973,1
64011,9
64019,7
64042,12
64049,2
64074,9
64091,5
64097,3
64109,4
64109,3
64117,1
64128,11
64159,7
64169,5
64193,14
64206,2
64210,2
64238,4
64252,3
64260,37
64260,12
64260,1
64263,8
64263,1
64279,1
64334,5
64367,3
64399,2
64407,8
64407,2
64419,5
64422,5
64436,3
64436,1
64439,1
64444,5
64468,3
64468,2
64539,20
64552,6
64559,3
64582,5
64582,1
64592,2
64655,4
64661,0
64669,9
64672,3
64696,2
64706,-3
64708,1
64733,4
64751,5
64791,5
64824,11
64839,5
64841,6
64894,6
64906,5
64920,2
64930,5
64930,1
64938,11
64946,1
64958,1
65001,1
65073,7
65084,1
65115,1
65115,0
65117,6
65128,10
65128,5
65176,2
65176,1
65178,5
65179,2
65180,6
65203,10
65212,4
65216,6
65218,4
65218,3
65223,3
65234,3
65253,1
65270,3
65288,1
65314,1
65341,11
65344,0
65356,8
65398,10
65403,2
65437,20
65437,16
65437,16
65437,13
65437,12
65437,8
65437,6
65437,6
65439,52
65439,47
65439,36
65439,19
65439,11
65439,10
65460,1
65462,2
65469,0
65506,2
65535,6
65535,4
65542,0
65543,0
65546,6
65604,3
65606,3
65625,0
65642,1
65644,5
65649,0
65652,2
65671,6
65674,2
65674,1
65695,2
65695,1
65732,1
65744,6
65750,7
65779,2
65788,5
65788,2
65794,6
65808,10
65847,5
65848,25
65848,10
65848,4
65848,2
65872,2
65893,2
65897,1
65913,2
65931,2
65931,1
65959,6
65967,8
65967,7
65967,7
65967,6
65967,2
65984,0
66040,5
66078,3
66082,3
66136,1
66140,2
66164,3
66172,0
66178,7
66204,2
66224,9
66236,1
66236,-1
66242,6
66242,3
66279,7
66292,6
66301,2
66301,0
66301,-1
66320,2
66337,1
66342,6
66351,2
66384,10
66397,5
66404,5
66416,7
66416,0
66417,4
66425,4
66425,4
66438,9
66443,38
66443,18
66443,16
66443,13
66443,12
66443,11
66492,1
66494,8
66495,2
66508,3
66526,9
66537,10
66586,0
66609,5
66616,2
66617,8
66617,3
66650,1
66664,6
66670,4
66670,2
66684,1
66689,4
66692,5
66712,3
66715,5
66728,5
66774,5
66793,3
66794,9
66806,2
66811,2
66825,9
66825,7
66825,5
66851,15
66853,2
66860,6
66868,5
66881,1
66884,5
66887,3
66889,0
66913,4
66941,9
66965,2
67008,44
67008,41
67008,29
67008,24
67008,16
67008,14
67008,14
67008,13
67008,11
67008,10
67008,9
67039,26
67039,25
67039,13
67054,7
67054,4
67088,13
67091,-1
67102,0
67104,3
67109,14
67110,2
67114,6
67114,1
67114,1
67114,1
67122,3
67143,4
67161,0
67163,3
67166,9
67175,11
67175,-4
67184,12
67187,0
67193,2
67208,4
67222,6
67255,4
67268,11
67272,6
67311,5
67324,1
67348,0
67356,1
67383,14
67397,19
67397,11
67397,10
67397,7
67397,6
67403,2
67442,22
67442,7
67482,4
67485,3
67498,2
67515,3
67517,7
67585,7
67585,4
67586,6
67607,4
67614,3
67614,1
67625,1
67655,3
67659,2
67664,2
67682,9
67704,3
67721,7
67727,3
67754,7
67754,7
67754,2
67754,2
67780,3
67782,4
67784,6
67789,2
67793,6
67841,4
67855,4
67872,4
67875,11
67875,0
67879,32
67879,8
67896,1
67903,7
67919,3
67922,4
67950,0
67955,0
67957,3
67999,6
68008,3
68037,8
68038,5
68049,18
68076,4
68079,17
68085,4
68096,0
68099,1
68129,5
68137,3
68145,1
68150,7
68150,7
68150,6
68155,8
68155,4
68155,3
68200,5
68213,3
68214,12
68218,4
68218,3
68252,2
68257,0
68262,3
68263,3
68294,0
68310,1
68310,1
68311,4
68318,2
68323,0
68356,2
68359,4
68379,11
68401,5
68404,9
68407,3
68410,6
68416,1
68417,3
68419,1
68425,9
68437,1
68443,1
68443,0
68449,4
68463,6
68465,2
68467,0
68471,5
68510,4
68524,5
68547,2
68558,5
68579,2
68579,2
68591,4
68618,1
68619,4
68620,5
68625,2
68634,0
68647,7
68647,4
68647,3
68647,1
68647,1
68647,1
68647,0
68672,6
68675,5
68743,13
68747,1
68773,2
68776,1
68793,6
68829,0
68841,1
68841,0
68855,2
68893,4
68897,1
68898,0
68915,0
68931,5
68942,9
68956,3
68987,1
68989,6
69023,3
69060,-2
69063,30
69063,12
69063,11
69063,9
69063,8
69063,6
69063,5
69063,4
69063,3
69063,3
69063,3
69063,3
69063,2
69063,2
69063,2
69063,1
69063,1
69063,1
69063,0
69076,1